{"x": [381, 382, 383, 384, 385, 386, 387, 388, 389, 390, 391, 392, 393, 394, 395, 396, 397, 398, 399, 400, 401, 402, 403, 404, 405, 406, 407, 408, 409, 410, 411, 412, 413, 414, 415, 416, 417, 418, 419, 420, 421, 422, 423, 424, 425, 426, 427, 428, 429, 430, 431, 432, 433, 434, 435, 436, 437, 438, 439, 440, 441, 442, 443, 444, 445, 446, 447, 448, 449, 450, 451, 452, 453, 454, 455, 456, 457, 458, 459, 460, 461, 462, 463, 464, 465, 466, 467, 468, 469, 470, 471, 472, 473, 474, 475, 476, 477, 478, 479, 480, 481, 482, 483, 484, 485, 486, 487, 488, 489, 490, 491, 492, 493, 494, 495, 496, 497, 498, 499, 500, 501, 502, 503, 504, 505, 506, 507, 508, 509, 510, 511, 512, 513, 514, 515, 516, 517, 518, 519, 520, 521, 522, 523, 524, 525, 526, 527, 528, 529, 530, 531, 532, 533, 534, 535, 536, 537, 538, 539, 540, 541, 542, 543, 544, 545, 546, 547, 548, 549, 550, 551, 552, 553, 554, 555, 556, 557, 558, 559, 560, 561, 562, 563, 564, 565, 566, 567, 568, 569, 570, 571, 572, 573, 574, 575, 576, 577, 578, 579, 580, 581, 582, 583, 584, 585, 586, 587, 588, 589, 590, 591, 592, 593, 594, 595, 596, 597, 598, 599, 600, 601, 602, 603, 604, 605, 606, 607, 608, 609, 610, 611, 612, 613, 614, 615, 616, 617, 618, 619, 620, 621, 622, 623, 624, 625, 626, 627, 628, 629, 630, 631, 632, 633, 634, 635, 636, 637, 638, 639, 640, 641, 642, 643, 644, 645, 646, 647, 648, 649, 650, 651, 652, 653, 654, 655, 656, 657, 658, 659, 660, 661, 662, 663, 664, 665, 666, 667, 668, 669, 670, 671, 672, 673, 674, 675, 676, 677, 678, 679, 680, 681, 682, 683, 684, 685, 686, 687, 688, 689, 690, 691, 692, 693, 694, 695, 696, 697, 698, 699, 700, 701, 702, 703, 704, 705, 706, 707, 708, 709, 710, 711, 712, 713, 714, 715, 716, 717, 718, 719, 720, 721, 722, 723, 724, 725, 726, 727, 728, 729, 730, 731, 732, 733, 734, 735, 736, 737, 738, 739, 740, 741, 742, 743, 744, 745, 746, 747, 748, 749, 750, 751, 752, 753, 754, 755, 756, 757, 758, 759, 760, 761, 762, 763, 764, 765, 766, 767, 768, 769, 770, 771, 772, 773, 774, 775, 776, 777, 778], "y": [0.011039754548080809, 0.010679074782026008, 0.010261112503084346, 0.009809918867794984, 0.009488455008683807, 0.009360433574662473, 0.009253126992834614, 0.009116762124904176, 0.00883732897055419, 0.008614165502322045, 0.008466456195332532, 0.008368643234956313, 0.008272753226678429, 0.008218564499127648, 0.008133852089033498, 0.008006663637237052, 0.007854206813916527, 0.007577268714884025, 0.007168767801198145, 0.006737556839379645, 0.006341780229262773, 0.005981410783086156, 0.005696673675893331, 0.005506745874716732, 0.005340385246085788, 0.005212754649705346, 0.005149300027678443, 0.0050317776879377175, 0.004874906958894734, 0.004748499522868994, 0.004662154053695641, 0.004582256850837146, 0.004543028943559409, 0.004498917033241962, 0.004479885484802781, 0.004465150833393907, 0.004439488159557667, 0.004448488340913205, 0.004500062514402552, 0.004560910637951051, 0.004633262435173838, 0.004692561429243741, 0.004766436674219805, 0.004793985298293806, 0.004821129880732678, 0.004821129880732678, 0.004821129880732678, 0.004846145976364915, 0.004897755610068464, 0.004932423312594481, 0.004981440880534231, 0.005039204745267679, 0.005115139768472072, 0.005188385396010916, 0.005284451946672891, 0.005462432704137351, 0.005691980027544567, 0.005914154243895846, 0.006149339335756985, 0.006365566912243739, 0.006585458141415768, 0.006779403635840386, 0.007017892008997025, 0.007265093167656374, 0.007520969010676959, 0.007844013724315244, 0.008190817750235209, 0.008516424749928623, 0.008841681027915509, 0.009146643896645252, 0.009366135401440474, 0.009529498795532658, 0.009647970790554045, 0.009683381901550452, 0.009683381901550452, 0.009656654075263655, 0.009565626230280292, 0.009578739662140956, 0.00968976576780065, 0.009802080050193184, 0.009915770711509318, 0.01003077506382331, 0.010045418156996486, 0.010139959589843116, 0.010169080207947427, 0.010169080207947427, 0.010169080207947427, 0.010269525856394143, 0.010479428928739704, 0.010668582291809095, 0.010792269434501149, 0.010917385074798053, 0.01104394563918827, 0.01117196774211079, 0.011319555225735441, 0.011583406085484712, 0.011853382900357175, 0.012129952991120322, 0.012413048583342693, 0.012702726289299188, 0.012874901226554625, 0.01302420848770131, 0.013229318072000722, 0.013409802611756384, 0.013611372944615749, 0.01395493611799314, 0.014365447936898234, 0.014657031006323002, 0.01482695335996593, 0.015059835393833374, 0.015475127540528657, 0.015951325935402518, 0.016336704010404032, 0.01686079837930969, 0.01735376471325947, 0.018114027332659103, 0.018915139809299188, 0.01946192889787744, 0.019928029362147406, 0.020435997637525995, 0.021218668618934833, 0.022195627545351846, 0.023280386385836172, 0.024519098005583495, 0.025770161494360785, 0.026766513655763595, 0.02766984291515243, 0.028972785820791873, 0.03058564728404079, 0.032255963158796065, 0.03435282785072862, 0.03638861324761424, 0.03778726201234134, 0.038708219015867254, 0.03941341338170796, 0.03972957172994788, 0.03995925114034687, 0.04019025332936576, 0.04056808202844054, 0.040905736219780865, 0.04126110235283727, 0.04152902963405933, 0.04152902963405933, 0.04152902963405933, 0.0415897411723605, 0.04187667334126561, 0.042362086761053463, 0.042853105213781224, 0.04334791794034272, 0.04359852716636941, 0.04409060699080617, 0.04460195758344762, 0.04469240259952995, 0.04508741178650451, 0.04524257921547638, 0.04557805902793676, 0.046106545965479785, 0.04664113751095351, 0.04718190387471991, 0.04762005253106886, 0.04798777757585414, 0.04854408406305664, 0.049166975126026614, 0.05002422962240901, 0.0509224435668224, 0.05210932414251005, 0.05332483051974498, 0.05456937591219883, 0.055262969654896826, 0.05645101853723083, 0.057507476776325304, 0.058510766495119215, 0.05907980241809564, 0.05921718035533557, 0.059400323090494526, 0.05990782036777204, 0.06045775496553899, 0.06093107281480185, 0.0616374359140671, 0.06226942202150413, 0.06269004189241799, 0.06337784952852109, 0.06376049496411017, 0.06449965345421599, 0.06487895968130046, 0.06560194444190627, 0.06636276429005979, 0.06744330041534613, 0.06832759884706817, 0.0693912549920796, 0.07085455004815788, 0.07250725992391005, 0.07419837159560513, 0.07592877345246002, 0.07778349857554034, 0.07997165210276128, 0.08236653958771603, 0.08442504147305467, 0.08711032408871706, 0.08973895342791065, 0.09369795825899026, 0.09784263408831462, 0.10161561619187875, 0.1054983346201488, 0.10926901709097445, 0.11386636300741475, 0.11914139488710138, 0.12476602462661456, 0.1306551558829304, 0.1368211718090731, 0.14327703234706593, 0.14952026687800926, 0.15537628021835534, 0.16164246321746487, 0.16811526411433758, 0.1760405481530456, 0.1845185223237516, 0.19549372584764738, 0.20950465772623872, 0.22205624272818925, 0.23281092270930387, 0.24321609147182532, 0.24943679552351808, 0.25294940170299907, 0.25685058497272206, 0.26043797411616676, 0.2626526013783569, 0.2634592232884149, 0.2634592232884149, 0.2634592232884149, 0.2643244174052305, 0.26670248378634626, 0.26670248378634626, 0.26670248378634626, 0.2667606402392265, 0.2683026053455265, 0.26985380877292303, 0.2699856697745531, 0.27265885795154066, 0.27330927274755956, 0.27562637789461336, 0.27882252996650214, 0.28106464301349515, 0.28268938399514615, 0.284323481511001, 0.28667086560572375, 0.2893848891143601, 0.2905511724206555, 0.2905511724206555, 0.29115356642722945, 0.2945284418371409, 0.2977487442293761, 0.2977487442293761, 0.3011838863239851, 0.3014141188115011, 0.30293367575573116, 0.3046849977875415, 0.3051246152323835, 0.3075591722749006, 0.3099997148997923, 0.31384156754433146, 0.318382240216505, 0.3212487966167142, 0.32310571959036394, 0.32497333547310225, 0.327342336035924, 0.33113690653444106, 0.334975295039444, 0.33885800533413535, 0.3428116534970779, 0.3487928481220423, 0.35487947202825937, 0.36107191027710295, 0.36561504894452157, 0.3715019334063509, 0.37798316062622106, 0.3845770291852462, 0.3926164835907055, 0.4017740089780701, 0.4100404789271017, 0.41622306619905647, 